eps,mean_abs_error,mean_rel_error,max_abs_error,max_rel_error
0.001,2.3599768750882597,1.713791561919737e-05,7.079930614330806,5.14136858228873e-05
0.0001,0.023598175389461556,1.719506744790877e-07,0.07079442212125286,5.141013909920911e-07
1e-05,0.00023608491445988497,3.793878973426126e-09,0.0007074507302604616,5.958285700143017e-09
1e-06,3.779154809535612e-06,2.714708802954225e-08,5.325263828126481e-06,7.835421354608882e-08
1e-07,7.541387427068003e-05,5.888983611902344e-07,0.00013292237417772412,1.7646042012152731e-06
