point_id,value1,value2,geometry,index_right,BoroCode,BoroName,Shape_Leng,Shape_Area
1,1077149.6680385044,793259.80695452,POINT (935204.737497 141944.930542),0,5,Staten Island,325910.306061,1623618684.31
2,1120995.8570731026,793472.8748953684,POINT (957234.365984 163761.491089),0,5,Staten Island,325910.306061,1623618684.31
4,1208688.235142299,793899.0107770647,POINT (1001293.62296 207394.612183),4,4,Queens,887896.284851,3041416726.79
