point_id,value1,value2,geometry,index_right,BoroCode,BoroName,Shape_Leng,Shape_Area
0,1033303.4790039062,793046.7390136719,POINT (913175.109009 120128.369995),,,,,
1,1077149.6680385044,793259.80695452,POINT (935204.737497 141944.930542),0.0,5.0,Staten Island,325910.306061,1623618684.31
2,1120995.8570731026,793472.8748953684,POINT (957234.365984 163761.491089),0.0,5.0,Staten Island,325910.306061,1623618684.31
3,1164842.046107701,793685.9428362165,POINT (979263.994472 185578.051636),,,,,
4,1208688.235142299,793899.0107770647,POINT (1001293.62296 207394.612183),4.0,4.0,Queens,887896.284851,3041416726.79
5,1252534.4241768974,794112.0787179129,POINT (1023323.251447 229211.172729),,,,,
6,1296380.6132114956,794325.1466587612,POINT (1045352.879935 251027.733276),,,,,
7,1340226.8022460938,794538.2145996094,POINT (1067382.508423 272844.293823),,,,,
