parameterId	estimate
k1	-0.25416730687392586
k2	-0.6083423756591552
