epoch,accuracy,loss,val_accuracy,val_loss
0,0.3333333432674408,0.6921399235725403,0.0,0.7354587316513062
1,0.6666666865348816,0.6769602298736572,0.0,0.7816787362098694
